{"accuracy": 0.8704721318829203, "precision": 0.8641052088705519, "recall": 0.8421713998492083, "f1_score": 0.8529973272241312}